Locus	Role	Region	Name	Direction	Sequence
abcZ	PCR		P1		AAT CGT TTA TGT ACC GCA GG
abcZ	PCR		P2		GTT GAT TTC TGC CTG TTC GG
adk	PCR		P1		ATG GCA GTT TGT GCA GTT GG
adk	PCR		P2		GAT TTA AAC AGC GAT TGC CC
aroE	PCR		P1		ACG CAT TTG CGC CGA CAT C
aroE	PCR		P2		ATC AGG GCT TTT TTC AGG TT
fumC	PCR		A1		CAC CGA ACA CGA CAC GAT GG
fumC	PCR		A2		ACG ACC AGT TCG TCA AAC TC
gdh	PCR		P1		ATC AAT ACC GAT GTG GCG CGT
gdh	PCR		P2		GGT TTT CAT CTG CGT ATA GAG
pdhC	PCR		P1		GGT TTC CAA CGT ATC GGC GAC
pdhC	PCR		P2		ATC GGC TTT GAT GCC GTA TTT
pgm	PCR		P1		CTT CAA AGC CTA CGA CAT CCG
pgm	PCR		P2		CGG ATT GCT TTC GAT GAC GGC
					
abcZ	Seq		S1		AAT CGT TTA TGT ACC GCA GG
abcZ	Seq		S2		GAG AAC GAG CCG GGA TAG GA 
adk	Seq		S1		AGG CTG GCA CGC CCT TGG
adk	Seq		S2		CAA TAC TTC GGC TTT CAC GG
aroE	Seq		S1		GCG GTC AAC/T ACG CTG ATT
aroE	Seq		S2		ATG ATG TTG CCG TAC ACA TA
fumC	Seq		S1		TCG GCA CGG GTT TGA ACA GC
fumC	Seq		S2		CAA CGG CGG TTT CGC GCA AC
gdh	Seq		S1		CCT TGG CAA AGA AAG CCT GC
gdh	Seq		S2		GCG CAC GGA TTC ATA TGG
pdhC	Seq		S1		TCT ACT ACA TCA CCC TGA TG
pdhC	Seq		S2		ATC GGC TTT GAT GCC GTA TTT
pgm	Seq		S1		CGG CGA TGC CGA CCG CTT GG
pgm	Seq		S2		GGT GAT GAT TTC GGT TGC GCC
					
porA	All		P14	F	GGG TGT TTG CCC GAT GTT TTT AGG
porA	All		P22	R	TTA GAA TTT GTG GCG CAA ACC GAC
porA	All		P21	F	CTGTACGGCGAAATCAAAGCCGGCGT
porA	All		U23 	F	GTGTTTGCCCGATGTTTTTAGGT
porA	All		L24 	R	TGCTGTCTTTATTGCCGTTTTTCT
porA	Seq	VR1	U86 	F	GCCCTCGTATTGTCCGCACTG
porA	Seq	VR1	R435 	R	TTGCTGTCCCAAGGATCAATGGC
porA	Seq	VR2	F435 	F	GCCATTAATCCTTGGGACAGCAA
porA	Seq	VR2	R773 	R	GGCATAGTTCCCGGCAAAACCGCCAT
					
porB	PCR		PB-A1 	F	TAAATGCAAAGCTAAGCGGCTTG
porB	PCR		PB-A2 	R	TTTGTTGATACCAATCTTTTCAG
porB	Seq		PB-S1 	F	GCAGCCCTTCCTGTTGCAGC
porB	Seq		PB-S2 	R	TTGCAGATTAGAATTTTGTG
porB	Seq		8U 	F	TCCGTACGCTACGATTCTCC
porB	Seq		8L 	R	GGAGAATCGTAGCGTACGGA
porB	Seq		244U 	F	CGCCCCGCGTTTCTTACG
porB	Seq		244L 	R	CGTAAGAAACGCGGGGCG
porB	Seq		PB-260 	R	AGTGCGTTTGGAGAAGTCGT
					
fetA	PCR		S1		CGG CGC AAG CGT ATT CGG
fetA	PCR		S8		CGCGCCCAATTCGTAACCGTG
fetA	Seq		S12		TTCAACTTCGACAGCCGCCTT
fetA	Seq		S15		TTGCAGCGCGTCR*TACAGGCG
					
fHbp	All		CDC5UNI-A		CTA TTC TGA GTA TGA CTA G
fHbp	All		CDC5UNI-G		CTA TTC TGC GTA TGA CTA G
fHbp	All		CDC5UNI-C		CTA TTC TGG GTA TGA CTA G
fHbp	All		CDC3UNI-C		GTC CGA ACG GTA AAT TAT CGT G
fHbp	All		CDC3UNI-T		GTC CGA ACG GTA AAT TAT TGT G
					
					
nadA	All		A1		GTG GAC GTA CTC GAC TAC GAA GG
nadA	All		B2		CGA GGC GAT TGT CAA ACC GTT C
nadA	seq		1		TAT GTA AAC AAA CTT GGT GGG G
nadA	seq		2		GAA ATA GAA AAG TTA ACA ACC AAG TT
nadA	seq		3		GAC ATC AAA GCT GAT ATC GCT AC
nadA	seq		4		TTT CGA GGT GGC GCG TTC GGG
nadA	seq		5		GTA GCG ATA TCA GCT TTG ATG TC
nadA	seq		6		CTT GGT TGT TAA CTT TTC TAT TTC
nadA	seq		6A		AAC TTG GTT GTT AAC TTT TCT ATT TC
					
nhbA	All		F		GGC GTT CAG ACG GCA TAT TTT TAC A
nhbA	All		R		GGT TTA TCA ACT GAT GCG GAC TTG A
nhbA	seq		S2 F	F	GCG GAC ACG CTG TCA AAA CC
nhbA	seq		S3 F	F	GCA AAA TGC CGG CAA TAC GC
nhbA	seq		S4		GGC GTT CTG CAC GGT CGA GG
nhbA	seq		S5 R	R	ATG GGT ACG CAA AAA TTC AA
nhbA	seq		S7 R	R	AAT GCA GTA CTT CGC CGT TGT
nhbA	seq		S8		CCT CGA CCG TGC AGA ACG CC
nhbA	seq		S9		CCG CAC CGC CAT TGC CTG TA
